{"cameraMode":{"drawMode":0,"name":"Shaded","section":"Shading Mode"},"sceneLighting":false,"audioPlay":false,"sceneViewState":{"showFog":true,"showMaterialUpdate":false,"showSkybox":false,"showFlares":true,"showImageEffects":true,"showParticleSystems":true},"in2DMode":false,"pivot":{"x":-35.52846908569336,"y":-6.093299865722656,"z":34.2599983215332},"rotation":{"x":-0.061512190848588946,"y":0.23344136774539948,"z":-0.014798812568187714,"w":-0.9703105092048645},"size":4.505715370178223,"orthographic":false}